rel_filepath,abs_filepath,note_exists,n_backlinks,n_wikilinks,n_tags,n_embedded_files,modified_time
030 ğŸš€ projects/30.01 ğŸ’ jewellery/learning.md,/home/leo/library/areas/obsidian/030 ğŸš€ projects/30.01 ğŸ’ jewellery/learning.md,True,0,0.0,0.0,0.0,2024-12-11 17:29:14.000000000
000 ğŸ•³ origin/00.00 templates/dump_topic-tree.md,/home/leo/library/areas/obsidian/000 ğŸ•³ origin/00.00 templates/dump_topic-tree.md,True,0,0.0,0.0,0.0,2025-04-27 13:26:42.000000000
050 ğŸ›  craft/50.02 ğŸ’œ dev/front-end/Tamagui.md,/home/leo/library/areas/obsidian/050 ğŸ›  craft/50.02 ğŸ’œ dev/front-end/Tamagui.md,True,3,0.0,0.0,0.0,2025-04-26 17:57:44.000000000
070 ğŸŒ± personal/70.03 ğŸŒ± bedroom redecoration/furniture.md,/home/leo/library/areas/obsidian/070 ğŸŒ± personal/70.03 ğŸŒ± bedroom redecoration/furniture.md,True,0,0.0,1.0,0.0,2025-03-30 20:21:40.000000000
050 ğŸ›  craft/50.01 âœ design/portfolio/portfolio references 25'.md,/home/leo/library/areas/obsidian/050 ğŸ›  craft/50.01 âœ design/portfolio/portfolio references 25'.md,True,2,2.0,0.0,1.0,2025-04-15 20:52:18.000000000
,,False,1,,,,
070 ğŸŒ± personal/70.02 ğŸŒ± concepts/landshark - generative money.md,/home/leo/library/areas/obsidian/070 ğŸŒ± personal/70.02 ğŸŒ± concepts/landshark - generative money.md,True,0,0.0,0.0,0.0,2025-05-01 10:11:00.000000000
050 ğŸ›  craft/50.01 âœ design/concepts/AI + design systems.md,/home/leo/library/areas/obsidian/050 ğŸ›  craft/50.01 âœ design/concepts/AI + design systems.md,True,2,1.0,0.0,0.0,2025-03-05 22:02:00.000000000
030 ğŸš€ projects/30.00 ğŸ¸ inhaven/ğŸŒ  EP Release/lyrics.md,/home/leo/library/areas/obsidian/030 ğŸš€ projects/30.00 ğŸ¸ inhaven/ğŸŒ  EP Release/lyrics.md,True,0,0.0,0.0,0.0,2025-04-17 17:43:44.000000000
020 â­ concepts/20.00 â­ concept cauldron/inferred destiny.md,/home/leo/library/areas/obsidian/020 â­ concepts/20.00 â­ concept cauldron/inferred destiny.md,True,0,0.0,0.0,0.0,2025-03-14 22:04:16.000000000
020 â­ concepts/20.00 â­ concept cauldron/mycelium brick.md,/home/leo/library/areas/obsidian/020 â­ concepts/20.00 â­ concept cauldron/mycelium brick.md,True,0,1.0,0.0,0.0,2025-04-23 20:23:06.000000000
050 ğŸ›  craft/50.03 ğŸ® game_dev/50.03 ğŸŒ± plantamata/ğŸŒ±ğŸŒ± concept.md,/home/leo/library/areas/obsidian/050 ğŸ›  craft/50.03 ğŸ® game_dev/50.03 ğŸŒ± plantamata/ğŸŒ±ğŸŒ± concept.md,True,1,0.0,0.0,0.0,2024-08-24 12:02:46.000000000
020 â­ concepts/20.00 â­ concept cauldron/incentivos.md,/home/leo/library/areas/obsidian/020 â­ concepts/20.00 â­ concept cauldron/incentivos.md,True,1,0.0,0.0,0.0,2025-04-26 17:14:28.000000000
050 ğŸ›  craft/50.02 ğŸ’œ dev/languages/Python.md,/home/leo/library/areas/obsidian/050 ğŸ›  craft/50.02 ğŸ’œ dev/languages/Python.md,True,1,0.0,0.0,0.0,2024-08-28 10:43:54.000000000
070 ğŸŒ± personal/70.01 ğŸŒ± notes/viajes.md,/home/leo/library/areas/obsidian/070 ğŸŒ± personal/70.01 ğŸŒ± notes/viajes.md,True,0,0.0,0.0,0.0,2025-03-02 20:01:36.000000000
050 ğŸ›  craft/50.01 âœ design/portfolio/portfolio concept.md,/home/leo/library/areas/obsidian/050 ğŸ›  craft/50.01 âœ design/portfolio/portfolio concept.md,True,1,2.0,0.0,0.0,2025-04-17 17:43:24.000000000
098 ğŸŒ¾ compost/ğŸŒ¾ starred â­/dump_real-life-tech-tree-v01 â­.md,/home/leo/library/areas/obsidian/098 ğŸŒ¾ compost/ğŸŒ¾ starred â­/dump_real-life-tech-tree-v01 â­.md,True,7,9.0,4.0,0.0,2025-05-03 17:56:47.051686049
050 ğŸ›  craft/50.01 âœ design/portfolio/AI design portfolio.md,/home/leo/library/areas/obsidian/050 ğŸ›  craft/50.01 âœ design/portfolio/AI design portfolio.md,True,0,0.0,0.0,0.0,2025-04-11 22:35:06.000000000
040 ğŸ“š library/40.01 ğŸ“š books/Reality Transurfing.md,/home/leo/library/areas/obsidian/040 ğŸ“š library/40.01 ğŸ“š books/Reality Transurfing.md,True,1,0.0,0.0,0.0,2025-04-21 20:33:38.000000000
050 ğŸ›  craft/50.02 ğŸ’œ dev/front-end/blueprintjs.md,/home/leo/library/areas/obsidian/050 ğŸ›  craft/50.02 ğŸ’œ dev/front-end/blueprintjs.md,True,0,2.0,0.0,0.0,2025-05-02 20:16:51.889323235
020 â­ concepts/20.01 â­ economics & money/Reading List for Economic Strategy.md,/home/leo/library/areas/obsidian/020 â­ concepts/20.01 â­ economics & money/Reading List for Economic Strategy.md,True,0,1.0,0.0,0.0,2024-10-02 13:52:00.000000000
098 ğŸŒ¾ compost/ğŸŒ¾ dailies/2025-05-06_daily.md,/home/leo/library/areas/obsidian/098 ğŸŒ¾ compost/ğŸŒ¾ dailies/2025-05-06_daily.md,True,0,0.0,0.0,0.0,2025-05-06 19:38:00.163482666
050 ğŸ›  craft/50.01 âœ design/concepts/data-driven design systems.md,/home/leo/library/areas/obsidian/050 ğŸ›  craft/50.01 âœ design/concepts/data-driven design systems.md,True,3,0.0,0.0,0.0,2025-03-05 21:56:32.000000000
050 ğŸ›  craft/50.02 ğŸ’œ dev/algorithms/genetic algorithms.md,/home/leo/library/areas/obsidian/050 ğŸ›  craft/50.02 ğŸ’œ dev/algorithms/genetic algorithms.md,True,1,0.0,0.0,0.0,2024-08-24 20:50:30.000000000
030 ğŸš€ projects/30.00 ğŸ¸ inhaven/guitars/futura guitarra.md,/home/leo/library/areas/obsidian/030 ğŸš€ projects/30.00 ğŸ¸ inhaven/guitars/futura guitarra.md,True,1,2.0,0.0,0.0,2024-11-16 15:48:20.000000000
050 ğŸ›  craft/50.02 ğŸ’œ dev/tech/meilisearch.md,/home/leo/library/areas/obsidian/050 ğŸ›  craft/50.02 ğŸ’œ dev/tech/meilisearch.md,True,1,1.0,0.0,0.0,2025-04-23 20:45:56.000000000
070 ğŸŒ± personal/70.00 ğŸŒ± logs/000. aug 2024/001. aug 26 2024.md,/home/leo/library/areas/obsidian/070 ğŸŒ± personal/70.00 ğŸŒ± logs/000. aug 2024/001. aug 26 2024.md,True,0,0.0,0.0,1.0,2024-08-26 18:50:00.000000000
070 ğŸŒ± personal/70.03 ğŸŒ± bedroom redecoration/00. bedroom redecoration.md,/home/leo/library/areas/obsidian/070 ğŸŒ± personal/70.03 ğŸŒ± bedroom redecoration/00. bedroom redecoration.md,True,0,2.0,0.0,0.0,2025-03-30 19:46:02.000000000
020 â­ concepts/20.00 â­ concept cauldron/analysis paralysis.md,/home/leo/library/areas/obsidian/020 â­ concepts/20.00 â­ concept cauldron/analysis paralysis.md,True,1,0.0,0.0,0.0,2025-04-23 19:09:52.000000000
050 ğŸ›  craft/50.03 ğŸ® game_dev/50.03 ğŸŒ± plantamata/ğŸŒ¾ core_concepts/world_gen.md,/home/leo/library/areas/obsidian/050 ğŸ›  craft/50.03 ğŸ® game_dev/50.03 ğŸŒ± plantamata/ğŸŒ¾ core_concepts/world_gen.md,True,0,0.0,0.0,0.0,2024-08-24 14:58:16.000000000
050 ğŸ›  craft/50.02 ğŸ’œ dev/algorithms/algorithms.md,/home/leo/library/areas/obsidian/050 ğŸ›  craft/50.02 ğŸ’œ dev/algorithms/algorithms.md,True,1,3.0,0.0,1.0,2024-08-30 16:51:34.000000000
020 â­ concepts/20.00 â­ concept cauldron/Chaos Magic.md,/home/leo/library/areas/obsidian/020 â­ concepts/20.00 â­ concept cauldron/Chaos Magic.md,True,1,0.0,0.0,0.0,2025-04-15 20:52:30.000000000
060 ğŸ† business/60.02 ğŸ† job postings/job posts/palantir - product designer.md,/home/leo/library/areas/obsidian/060 ğŸ† business/60.02 ğŸ† job postings/job posts/palantir - product designer.md,True,0,0.0,0.0,0.0,2025-04-18 16:09:06.000000000
060 ğŸ† business/60.02 ğŸ† job postings/job posts/tesla - data engineer.md,/home/leo/library/areas/obsidian/060 ğŸ† business/60.02 ğŸ† job postings/job posts/tesla - data engineer.md,True,1,0.0,0.0,0.0,2025-04-18 16:02:42.000000000
050 ğŸ›  craft/50.02 ğŸ’œ dev/front-end/webGL.md,/home/leo/library/areas/obsidian/050 ğŸ›  craft/50.02 ğŸ’œ dev/front-end/webGL.md,True,1,0.0,0.0,0.0,2025-05-02 20:16:53.834275484
030 ğŸš€ projects/30.00 ğŸ¸ inhaven/ğŸŒ  EP Release/refs.md,/home/leo/library/areas/obsidian/030 ğŸš€ projects/30.00 ğŸ¸ inhaven/ğŸŒ  EP Release/refs.md,True,0,0.0,0.0,0.0,2025-03-23 11:55:38.000000000
020 â­ concepts/20.00 â­ concept cauldron/The Mask & The Authentic Self.md,/home/leo/library/areas/obsidian/020 â­ concepts/20.00 â­ concept cauldron/The Mask & The Authentic Self.md,True,1,1.0,0.0,0.0,2025-03-29 18:50:12.000000000
070 ğŸŒ± personal/70.02 ğŸŒ± concepts/the outlier genius.md,/home/leo/library/areas/obsidian/070 ğŸŒ± personal/70.02 ğŸŒ± concepts/the outlier genius.md,True,0,0.0,0.0,0.0,2025-04-20 12:40:46.000000000
050 ğŸ›  craft/50.02 ğŸ’œ dev/projects/arduino.md,/home/leo/library/areas/obsidian/050 ğŸ›  craft/50.02 ğŸ’œ dev/projects/arduino.md,True,1,0.0,0.0,0.0,2025-04-23 19:32:00.000000000
020 â­ concepts/20.00 â­ concept cauldron/how to learn.md,/home/leo/library/areas/obsidian/020 â­ concepts/20.00 â­ concept cauldron/how to learn.md,True,0,0.0,0.0,0.0,2024-08-26 11:44:40.000000000
050 ğŸ›  craft/50.02 ğŸ’œ dev/algorithms/time complexity.md,/home/leo/library/areas/obsidian/050 ğŸ›  craft/50.02 ğŸ’œ dev/algorithms/time complexity.md,True,1,0.0,0.0,1.0,2024-08-30 15:28:00.000000000
070 ğŸŒ± personal/70.05 ğŸŒ± travel/umbria - italy.md,/home/leo/library/areas/obsidian/070 ğŸŒ± personal/70.05 ğŸŒ± travel/umbria - italy.md,True,1,0.0,0.0,0.0,2025-04-23 18:07:40.000000000
,,False,1,,,,
,,False,1,,,,
050 ğŸ›  craft/50.01 âœ design/portfolio/lunar tiger archetypes.md,/home/leo/library/areas/obsidian/050 ğŸ›  craft/50.01 âœ design/portfolio/lunar tiger archetypes.md,True,1,0.0,0.0,0.0,2025-03-29 21:09:38.000000000
098 ğŸŒ¾ compost/ğŸŒ¾ dailies/2025-05-03_daily.md,/home/leo/library/areas/obsidian/098 ğŸŒ¾ compost/ğŸŒ¾ dailies/2025-05-03_daily.md,True,3,10.0,0.0,0.0,2025-05-03 17:56:11.105289221
050 ğŸ›  craft/50.04 ğŸ¸ guitar/northlane - citizen.md,/home/leo/library/areas/obsidian/050 ğŸ›  craft/50.04 ğŸ¸ guitar/northlane - citizen.md,True,0,0.0,0.0,0.0,2025-04-26 19:14:52.000000000
050 ğŸ›  craft/50.02 ğŸ’œ dev/ğŸŒ  dev_origin.md,/home/leo/library/areas/obsidian/050 ğŸ›  craft/50.02 ğŸ’œ dev/ğŸŒ  dev_origin.md,True,0,1.0,0.0,0.0,2024-08-24 17:10:06.000000000
050 ğŸ›  craft/50.01 âœ design/concepts/strategic foresight.md,/home/leo/library/areas/obsidian/050 ğŸ›  craft/50.01 âœ design/concepts/strategic foresight.md,True,1,0.0,0.0,0.0,2025-04-27 14:21:20.000000000
060 ğŸ† business/60.02 ğŸ† job postings/job posts/palantir - data engineer.md,/home/leo/library/areas/obsidian/060 ğŸ† business/60.02 ğŸ† job postings/job posts/palantir - data engineer.md,True,0,0.0,0.0,0.0,2025-04-18 16:08:00.000000000
030 ğŸš€ projects/30.00 ğŸ¸ inhaven/ğŸŒ  EP Release/serum.md,/home/leo/library/areas/obsidian/030 ğŸš€ projects/30.00 ğŸ¸ inhaven/ğŸŒ  EP Release/serum.md,True,0,0.0,0.0,0.0,2025-03-21 21:42:40.000000000
098 ğŸŒ¾ compost/ğŸŒ¾ dailies/2025-05-01_daily.md,/home/leo/library/areas/obsidian/098 ğŸŒ¾ compost/ğŸŒ¾ dailies/2025-05-01_daily.md,True,2,2.0,0.0,0.0,2025-05-03 10:02:20.520277023
060 ğŸ† business/60.01 ğŸ† career/pivot to design engineer.md,/home/leo/library/areas/obsidian/060 ğŸ† business/60.01 ğŸ† career/pivot to design engineer.md,True,1,2.0,0.0,0.0,2025-04-18 15:03:02.000000000
060 ğŸ† business/60.02 ğŸ† job postings/job posts/neuralink - UI Design Engineer.md,/home/leo/library/areas/obsidian/060 ğŸ† business/60.02 ğŸ† job postings/job posts/neuralink - UI Design Engineer.md,True,0,0.0,0.0,0.0,2025-04-18 16:02:48.000000000
030 ğŸš€ projects/30.00 ğŸ¸ inhaven/ğŸŒ  EP Release/covers.md,/home/leo/library/areas/obsidian/030 ğŸš€ projects/30.00 ğŸ¸ inhaven/ğŸŒ  EP Release/covers.md,True,0,0.0,0.0,0.0,2025-04-07 17:16:46.000000000
098 ğŸŒ¾ compost/ğŸŒ¾ dailies/098.04 ğŸŒ¾ april dailies/2025-04-23_daily â­.md,/home/leo/library/areas/obsidian/098 ğŸŒ¾ compost/ğŸŒ¾ dailies/098.04 ğŸŒ¾ april dailies/2025-04-23_daily â­.md,True,2,8.0,0.0,0.0,2025-04-23 22:08:52.000000000
070 ğŸŒ± personal/70.01 ğŸŒ± notes/_archived/zorraquino-to-do.md,/home/leo/library/areas/obsidian/070 ğŸŒ± personal/70.01 ğŸŒ± notes/_archived/zorraquino-to-do.md,True,0,0.0,0.0,0.0,2024-11-01 22:26:08.000000000
030 ğŸš€ projects/30.00 ğŸ¸ inhaven/video edits.md,/home/leo/library/areas/obsidian/030 ğŸš€ projects/30.00 ğŸ¸ inhaven/video edits.md,True,1,0.0,0.0,0.0,2024-08-26 15:00:20.000000000
098 ğŸŒ¾ compost/ğŸŒ¾ actions.md,/home/leo/library/areas/obsidian/098 ğŸŒ¾ compost/ğŸŒ¾ actions.md,True,4,2.0,10.0,0.0,2025-05-06 19:38:18.288104534
070 ğŸŒ± personal/70.00 ğŸŒ± logs/ğŸ“ƒ template.md,/home/leo/library/areas/obsidian/070 ğŸŒ± personal/70.00 ğŸŒ± logs/ğŸ“ƒ template.md,True,1,0.0,0.0,0.0,2024-08-26 18:48:26.000000000
050 ğŸ›  craft/50.03 ğŸ® game_dev/50.03 ğŸŒ± plantamata/ğŸŒ¾ core_concepts/ğŸš— mechanics.md,/home/leo/library/areas/obsidian/050 ğŸ›  craft/50.03 ğŸ® game_dev/50.03 ğŸŒ± plantamata/ğŸŒ¾ core_concepts/ğŸš— mechanics.md,True,1,1.0,0.0,0.0,2024-09-05 11:25:56.000000000
070 ğŸŒ± personal/70.01 ğŸŒ± notes/2025_05_01-backup-before-linux.md,/home/leo/library/areas/obsidian/070 ğŸŒ± personal/70.01 ğŸŒ± notes/2025_05_01-backup-before-linux.md,True,0,0.0,0.0,0.0,2025-05-01 10:12:00.000000000
020 â­ concepts/20.00 â­ concept cauldron/tai chi chuan.md,/home/leo/library/areas/obsidian/020 â­ concepts/20.00 â­ concept cauldron/tai chi chuan.md,True,2,2.0,0.0,0.0,2025-03-28 22:08:00.000000000
020 â­ concepts/20.00 â­ concept cauldron/homeostasis.md,/home/leo/library/areas/obsidian/020 â­ concepts/20.00 â­ concept cauldron/homeostasis.md,True,2,0.0,0.0,0.0,2025-04-26 17:02:16.000000000
070 ğŸŒ± personal/70.02 ğŸŒ± concepts/ciclos de interÃ©s.md,/home/leo/library/areas/obsidian/070 ğŸŒ± personal/70.02 ğŸŒ± concepts/ciclos de interÃ©s.md,True,1,0.0,0.0,0.0,2025-04-23 19:29:50.000000000
020 â­ concepts/20.01 â­ economics & money/Personal Economic Strategy.md,/home/leo/library/areas/obsidian/020 â­ concepts/20.01 â­ economics & money/Personal Economic Strategy.md,True,0,0.0,0.0,0.0,2024-10-02 14:21:12.000000000
070 ğŸŒ± personal/70.00 ğŸŒ± logs/000. aug 2024/004. aug 30 2024.md,/home/leo/library/areas/obsidian/070 ğŸŒ± personal/70.00 ğŸŒ± logs/000. aug 2024/004. aug 30 2024.md,True,1,0.0,0.0,0.0,2024-08-31 11:40:00.000000000
070 ğŸŒ± personal/70.03 ğŸŒ± bedroom redecoration/bedroom redecoration - concept.md,/home/leo/library/areas/obsidian/070 ğŸŒ± personal/70.03 ğŸŒ± bedroom redecoration/bedroom redecoration - concept.md,True,1,1.0,0.0,2.0,2025-03-30 17:51:50.000000000
050 ğŸ›  craft/50.03 ğŸ® game_dev/50.03 ğŸŒ± plantamata/ğŸŒ¾ core_concepts/game_architecture.md,/home/leo/library/areas/obsidian/050 ğŸ›  craft/50.03 ğŸ® game_dev/50.03 ğŸŒ± plantamata/ğŸŒ¾ core_concepts/game_architecture.md,True,1,0.0,0.0,0.0,2024-08-24 12:27:20.000000000
050 ğŸ›  craft/50.02 ğŸ’œ dev/ğŸ—º roadmap to swe.md,/home/leo/library/areas/obsidian/050 ğŸ›  craft/50.02 ğŸ’œ dev/ğŸ—º roadmap to swe.md,True,0,3.0,0.0,1.0,2024-08-29 10:54:00.000000000
070 ğŸŒ± personal/70.00 ğŸŒ± logs/000. aug 2024/000. aug 25 2024.md,/home/leo/library/areas/obsidian/070 ğŸŒ± personal/70.00 ğŸŒ± logs/000. aug 2024/000. aug 25 2024.md,True,0,0.0,0.0,0.0,2024-08-26 19:04:52.000000000
098 ğŸŒ¾ compost/ğŸŒ¾ dailies/098.04 ğŸŒ¾ april dailies/2025_04-26_daily.md,/home/leo/library/areas/obsidian/098 ğŸŒ¾ compost/ğŸŒ¾ dailies/098.04 ğŸŒ¾ april dailies/2025_04-26_daily.md,True,1,8.0,0.0,0.0,2025-04-26 19:39:52.000000000
098 ğŸŒ¾ compost/ğŸŒ¾ dump/dump_us-emigration.md,/home/leo/library/areas/obsidian/098 ğŸŒ¾ compost/ğŸŒ¾ dump/dump_us-emigration.md,True,0,1.0,0.0,0.0,2025-04-21 16:41:24.000000000
050 ğŸ›  craft/50.02 ğŸ’œ dev/front-end/Chakra UI.md,/home/leo/library/areas/obsidian/050 ğŸ›  craft/50.02 ğŸ’œ dev/front-end/Chakra UI.md,True,2,0.0,0.0,0.0,2025-04-26 18:00:02.000000000
050 ğŸ›  craft/50.02 ğŸ’œ dev/algorithms/union-find.md,/home/leo/library/areas/obsidian/050 ğŸ›  craft/50.02 ğŸ’œ dev/algorithms/union-find.md,True,1,1.0,0.0,3.0,2024-08-30 16:42:58.000000000
098 ğŸŒ¾ compost/ğŸŒ¾ starred â­/dump_ruta-portugal-medieval â­.md,/home/leo/library/areas/obsidian/098 ğŸŒ¾ compost/ğŸŒ¾ starred â­/dump_ruta-portugal-medieval â­.md,True,1,1.0,1.0,0.0,2025-05-03 17:56:37.231850863
030 ğŸš€ projects/30.02 ğŸº noxshin/personal brand.md,/home/leo/library/areas/obsidian/030 ğŸš€ projects/30.02 ğŸº noxshin/personal brand.md,True,0,1.0,0.0,0.0,2025-04-21 14:23:18.000000000
060 ğŸ† business/60.01 ğŸ† career/design engineer.md,/home/leo/library/areas/obsidian/060 ğŸ† business/60.01 ğŸ† career/design engineer.md,True,1,1.0,0.0,0.0,2025-04-18 15:02:38.000000000
098 ğŸŒ¾ compost/ğŸŒ¾ dump/dump_emprendimiento_z.md,/home/leo/library/areas/obsidian/098 ğŸŒ¾ compost/ğŸŒ¾ dump/dump_emprendimiento_z.md,True,1,1.0,0.0,0.0,2025-05-03 17:52:34.535899401
070 ğŸŒ± personal/70.01 ğŸŒ± notes/_archived/IATHON/IATHON - 25-04-04.md,/home/leo/library/areas/obsidian/070 ğŸŒ± personal/70.01 ğŸŒ± notes/_archived/IATHON/IATHON - 25-04-04.md,True,0,0.0,0.0,0.0,2025-04-05 11:13:56.000000000
040 ğŸ“š library/40.02 ğŸ“š tech/Arch Linux/arch linux.md,/home/leo/library/areas/obsidian/040 ğŸ“š library/40.02 ğŸ“š tech/Arch Linux/arch linux.md,True,2,0.0,0.0,0.0,2025-05-03 10:02:21.644399166
030 ğŸš€ projects/30.01 ğŸ’ jewellery/brands.md,/home/leo/library/areas/obsidian/030 ğŸš€ projects/30.01 ğŸ’ jewellery/brands.md,True,0,0.0,0.0,0.0,2024-12-11 17:16:38.000000000
050 ğŸ›  craft/50.02 ğŸ’œ dev/tech/nocobase.md,/home/leo/library/areas/obsidian/050 ğŸ›  craft/50.02 ğŸ’œ dev/tech/nocobase.md,True,0,0.0,1.0,0.0,2025-04-23 20:30:12.000000000
020 â­ concepts/20.00 â­ concept cauldron/PARA.md,/home/leo/library/areas/obsidian/020 â­ concepts/20.00 â­ concept cauldron/PARA.md,True,3,0.0,0.0,1.0,2025-05-03 11:25:21.369267702
060 ğŸ† business/60.03 ğŸ† ideas/Airbnb - The Well.md,/home/leo/library/areas/obsidian/060 ğŸ† business/60.03 ğŸ† ideas/Airbnb - The Well.md,True,0,0.0,0.0,0.0,2025-04-01 21:22:26.000000000
070 ğŸŒ± personal/70.02 ğŸŒ± concepts/Chaos-Rationale Paradox.md,/home/leo/library/areas/obsidian/070 ğŸŒ± personal/70.02 ğŸŒ± concepts/Chaos-Rationale Paradox.md,True,0,0.0,0.0,0.0,2025-04-23 19:30:34.000000000
070 ğŸŒ± personal/70.01 ğŸŒ± notes/_archived/dumbphones.md,/home/leo/library/areas/obsidian/070 ğŸŒ± personal/70.01 ğŸŒ± notes/_archived/dumbphones.md,True,0,0.0,2.0,0.0,2025-03-01 20:42:24.000000000
050 ğŸ›  craft/50.02 ğŸ’œ dev/ğŸ’¡ project ideas.md,/home/leo/library/areas/obsidian/050 ğŸ›  craft/50.02 ğŸ’œ dev/ğŸ’¡ project ideas.md,True,0,1.0,0.0,0.0,2024-08-31 10:57:28.000000000
050 ğŸ›  craft/50.02 ğŸ’œ dev/concepts/full_stack.md,/home/leo/library/areas/obsidian/050 ğŸ›  craft/50.02 ğŸ’œ dev/concepts/full_stack.md,True,1,0.0,0.0,0.0,2024-08-30 10:22:10.000000000
050 ğŸ›  craft/50.02 ğŸ’œ dev/projects/dev_inspiration.md,/home/leo/library/areas/obsidian/050 ğŸ›  craft/50.02 ğŸ’œ dev/projects/dev_inspiration.md,True,0,0.0,0.0,0.0,2024-08-28 10:45:34.000000000
070 ğŸŒ± personal/70.00 ğŸŒ± logs/001. oct 2024/2024-10-02.md,/home/leo/library/areas/obsidian/070 ğŸŒ± personal/70.00 ğŸŒ± logs/001. oct 2024/2024-10-02.md,True,0,0.0,0.0,0.0,2024-10-02 14:55:04.000000000
030 ğŸš€ projects/30.00 ğŸ¸ inhaven/ğŸŒ  EP Release/titulos.md,/home/leo/library/areas/obsidian/030 ğŸš€ projects/30.00 ğŸ¸ inhaven/ğŸŒ  EP Release/titulos.md,True,0,0.0,0.0,0.0,2025-04-23 19:54:20.000000000
020 â­ concepts/20.00 â­ concept cauldron/meshtastic.md,/home/leo/library/areas/obsidian/020 â­ concepts/20.00 â­ concept cauldron/meshtastic.md,True,0,0.0,0.0,0.0,2025-04-29 20:09:48.000000000
020 â­ concepts/20.00 â­ concept cauldron/authenticity paradox + masks.md,/home/leo/library/areas/obsidian/020 â­ concepts/20.00 â­ concept cauldron/authenticity paradox + masks.md,True,5,3.0,0.0,0.0,2025-03-29 18:50:22.000000000
098 ğŸŒ¾ compost/ğŸ•³ archive/_dumplog.md,/home/leo/library/areas/obsidian/098 ğŸŒ¾ compost/ğŸ•³ archive/_dumplog.md,True,0,0.0,0.0,0.0,2025-04-21 16:22:10.000000000
070 ğŸŒ± personal/70.01 ğŸŒ± notes/standing desk.md,/home/leo/library/areas/obsidian/070 ğŸŒ± personal/70.01 ğŸŒ± notes/standing desk.md,True,1,1.0,0.0,0.0,2025-04-27 13:58:08.000000000
050 ğŸ›  craft/50.03 ğŸ® game_dev/50.03 ğŸŒ± plantamata/ğŸŒ¾ core_concepts/ğŸš• plantamata_art.md,/home/leo/library/areas/obsidian/050 ğŸ›  craft/50.03 ğŸ® game_dev/50.03 ğŸŒ± plantamata/ğŸŒ¾ core_concepts/ğŸš• plantamata_art.md,True,1,0.0,0.0,0.0,2024-08-24 12:17:56.000000000
070 ğŸŒ± personal/70.00 ğŸŒ± logs/000. aug 2024/003. aug 29 2024.md,/home/leo/library/areas/obsidian/070 ğŸŒ± personal/70.00 ğŸŒ± logs/000. aug 2024/003. aug 29 2024.md,True,0,0.0,0.0,1.0,2024-08-29 20:21:28.000000000
030 ğŸš€ projects/30.00 ğŸ¸ inhaven/visuals.md,/home/leo/library/areas/obsidian/030 ğŸš€ projects/30.00 ğŸ¸ inhaven/visuals.md,True,0,1.0,0.0,0.0,2024-08-26 11:17:32.000000000
060 ğŸ† business/60.02 ğŸ† job postings/job posts/tesla - 3D frontend engineer.md,/home/leo/library/areas/obsidian/060 ğŸ† business/60.02 ğŸ† job postings/job posts/tesla - 3D frontend engineer.md,True,0,0.0,0.0,0.0,2025-04-18 16:11:18.000000000
098 ğŸŒ¾ compost/ğŸŒ¾ starred â­/dump_obsidian-new-notes-observer-matplotlib â­.md,/home/leo/library/areas/obsidian/098 ğŸŒ¾ compost/ğŸŒ¾ starred â­/dump_obsidian-new-notes-observer-matplotlib â­.md,True,4,7.0,2.0,0.0,2025-04-26 19:51:08.000000000
030 ğŸš€ projects/30.00 ğŸ¸ inhaven/concept.md,/home/leo/library/areas/obsidian/030 ğŸš€ projects/30.00 ğŸ¸ inhaven/concept.md,True,0,0.0,0.0,0.0,2024-08-26 11:17:22.000000000
098 ğŸŒ¾ compost/ğŸŒ¾ dailies/098.04 ğŸŒ¾ april dailies/2025_04_27_daily.md,/home/leo/library/areas/obsidian/098 ğŸŒ¾ compost/ğŸŒ¾ dailies/098.04 ğŸŒ¾ april dailies/2025_04_27_daily.md,True,0,7.0,0.0,0.0,2025-04-27 15:42:06.000000000
000 ğŸ•³ origin/000-obsidian-systematization.md,/home/leo/library/areas/obsidian/000 ğŸ•³ origin/000-obsidian-systematization.md,True,0,1.0,0.0,0.0,2025-04-21 16:42:16.000000000
070 ğŸŒ± personal/70.03 ğŸŒ± bedroom redecoration/feng shui elements.md,/home/leo/library/areas/obsidian/070 ğŸŒ± personal/70.03 ğŸŒ± bedroom redecoration/feng shui elements.md,True,1,0.0,0.0,1.0,2025-03-30 20:17:24.000000000
050 ğŸ›  craft/50.03 ğŸ® game_dev/50.03 ğŸŒ± plantamata/ğŸŒ± plantamata_home.md,/home/leo/library/areas/obsidian/050 ğŸ›  craft/50.03 ğŸ® game_dev/50.03 ğŸŒ± plantamata/ğŸŒ± plantamata_home.md,True,1,4.0,0.0,0.0,2024-08-24 12:27:36.000000000
050 ğŸ›  craft/50.02 ğŸ’œ dev/languages/C.md,/home/leo/library/areas/obsidian/050 ğŸ›  craft/50.02 ğŸ’œ dev/languages/C.md,True,1,0.0,0.0,0.0,2024-08-28 10:43:48.000000000
070 ğŸŒ± personal/70.01 ğŸŒ± notes/shopping list.md,/home/leo/library/areas/obsidian/070 ğŸŒ± personal/70.01 ğŸŒ± notes/shopping list.md,True,4,1.0,0.0,0.0,2025-05-03 17:55:38.903828621
030 ğŸš€ projects/30.00 ğŸ¸ inhaven/ğŸŒ  EP Release/music-release-plan.md,/home/leo/library/areas/obsidian/030 ğŸš€ projects/30.00 ğŸ¸ inhaven/ğŸŒ  EP Release/music-release-plan.md,True,0,1.0,0.0,0.0,2025-03-28 21:43:02.000000000
030 ğŸš€ projects/30.03 ğŸ’» dev/spotify data.md,/home/leo/library/areas/obsidian/030 ğŸš€ projects/30.03 ğŸ’» dev/spotify data.md,True,0,0.0,1.0,0.0,2025-04-21 14:24:06.000000000
020 â­ concepts/20.01 â­ economics & money/Economic Strategy.md,/home/leo/library/areas/obsidian/020 â­ concepts/20.01 â­ economics & money/Economic Strategy.md,True,1,0.0,0.0,0.0,2024-10-02 13:31:06.000000000
030 ğŸš€ projects/30.00 ğŸ¸ inhaven/ğŸŒ  EP Release/insonorizaciÃ³n.md,/home/leo/library/areas/obsidian/030 ğŸš€ projects/30.00 ğŸ¸ inhaven/ğŸŒ  EP Release/insonorizaciÃ³n.md,True,0,0.0,0.0,0.0,2025-03-11 16:49:40.000000000
050 ğŸ›  craft/50.02 ğŸ’œ dev/ğŸ’­ learning resources.md,/home/leo/library/areas/obsidian/050 ğŸ›  craft/50.02 ğŸ’œ dev/ğŸ’­ learning resources.md,True,0,3.0,0.0,0.0,2024-08-30 10:22:10.000000000
050 ğŸ›  craft/50.01 âœ design/AI + UI.md,/home/leo/library/areas/obsidian/050 ğŸ›  craft/50.01 âœ design/AI + UI.md,True,0,1.0,0.0,0.0,2025-03-05 21:58:12.000000000
060 ğŸ† business/60.02 ğŸ† job postings/job posts/00. README.md,/home/leo/library/areas/obsidian/060 ğŸ† business/60.02 ğŸ† job postings/job posts/00. README.md,True,0,0.0,0.0,0.0,2025-04-18 15:54:04.000000000
040 ğŸ“š library/40.02 ğŸ“š tech/Arch Linux/filesystem philosophy.md,/home/leo/library/areas/obsidian/040 ğŸ“š library/40.02 ğŸ“š tech/Arch Linux/filesystem philosophy.md,True,2,2.0,0.0,0.0,2025-05-03 13:59:59.488034248
040 ğŸ“š library/40.02 ğŸ“š tech/Arch Linux/hyprland.md,/home/leo/library/areas/obsidian/040 ğŸ“š library/40.02 ğŸ“š tech/Arch Linux/hyprland.md,True,1,0.0,0.0,0.0,2025-05-03 17:47:30.548866987
050 ğŸ›  craft/50.02 ğŸ’œ dev/languages/MarkovJunior.md,/home/leo/library/areas/obsidian/050 ğŸ›  craft/50.02 ğŸ’œ dev/languages/MarkovJunior.md,True,3,0.0,0.0,0.0,2024-08-24 12:12:34.000000000
050 ğŸ›  craft/50.02 ğŸ’œ dev/algorithms/graph algorithms.md,/home/leo/library/areas/obsidian/050 ğŸ›  craft/50.02 ğŸ’œ dev/algorithms/graph algorithms.md,True,1,0.0,0.0,0.0,2024-08-24 20:50:12.000000000
050 ğŸ›  craft/50.01 âœ design/concepts/design systems.md,/home/leo/library/areas/obsidian/050 ğŸ›  craft/50.01 âœ design/concepts/design systems.md,True,4,1.0,0.0,0.0,2025-04-26 17:34:24.000000000
030 ğŸš€ projects/30.02 ğŸº noxshin/inspiration.md,/home/leo/library/areas/obsidian/030 ğŸš€ projects/30.02 ğŸº noxshin/inspiration.md,True,1,0.0,0.0,0.0,2024-08-26 11:32:40.000000000
020 â­ concepts/20.00 â­ concept cauldron/rabbit hole concept list.md,/home/leo/library/areas/obsidian/020 â­ concepts/20.00 â­ concept cauldron/rabbit hole concept list.md,True,1,0.0,0.0,0.0,2025-04-23 18:56:10.000000000
030 ğŸš€ projects/30.00 ğŸ¸ inhaven/ğŸŒ  EP Release/themes.md,/home/leo/library/areas/obsidian/030 ğŸš€ projects/30.00 ğŸ¸ inhaven/ğŸŒ  EP Release/themes.md,True,0,1.0,0.0,0.0,2025-04-17 17:54:22.000000000
030 ğŸš€ projects/30.01 ğŸ’ jewellery/process feedback.md,/home/leo/library/areas/obsidian/030 ğŸš€ projects/30.01 ğŸ’ jewellery/process feedback.md,True,0,0.0,0.0,0.0,2024-12-05 17:23:28.000000000
050 ğŸ›  craft/50.02 ğŸ’œ dev/front-end/front-end libraries.md,/home/leo/library/areas/obsidian/050 ğŸ›  craft/50.02 ğŸ’œ dev/front-end/front-end libraries.md,True,1,4.0,0.0,0.0,2025-04-26 17:59:42.000000000
098 ğŸŒ¾ compost/ğŸŒ¾ dump/dump-filesystem-philosophy.md,/home/leo/library/areas/obsidian/098 ğŸŒ¾ compost/ğŸŒ¾ dump/dump-filesystem-philosophy.md,True,1,4.0,0.0,1.0,2025-05-03 14:05:28.910733461
050 ğŸ›  craft/50.02 ğŸ’œ dev/concepts/data_structures.md,/home/leo/library/areas/obsidian/050 ğŸ›  craft/50.02 ğŸ’œ dev/concepts/data_structures.md,True,1,0.0,0.0,0.0,2024-08-30 10:07:14.000000000
000 ğŸ•³ origin/00.00 templates/dump_topic.md,/home/leo/library/areas/obsidian/000 ğŸ•³ origin/00.00 templates/dump_topic.md,True,0,0.0,0.0,0.0,2025-04-26 19:48:30.000000000
070 ğŸŒ± personal/70.00 ğŸŒ± logs/ğŸ“ƒ daily progress log.md,/home/leo/library/areas/obsidian/070 ğŸŒ± personal/70.00 ğŸŒ± logs/ğŸ“ƒ daily progress log.md,True,0,1.0,0.0,0.0,2024-08-26 19:04:40.000000000
070 ğŸŒ± personal/70.00 ğŸŒ± logs/000. aug 2024/002. aug 27 2024.md,/home/leo/library/areas/obsidian/070 ğŸŒ± personal/70.00 ğŸŒ± logs/000. aug 2024/002. aug 27 2024.md,True,0,0.0,0.0,1.0,2024-08-28 09:55:16.000000000
098 ğŸŒ¾ compost/ğŸŒ¾ dump/dump_language-learning.md,/home/leo/library/areas/obsidian/098 ğŸŒ¾ compost/ğŸŒ¾ dump/dump_language-learning.md,True,0,0.0,0.0,0.0,2025-04-21 16:41:28.000000000
098 ğŸŒ¾ compost/ğŸ•³ archive/2025-04-21_obsidian-systematization â­.md,/home/leo/library/areas/obsidian/098 ğŸŒ¾ compost/ğŸ•³ archive/2025-04-21_obsidian-systematization â­.md,True,1,0.0,0.0,0.0,2025-04-21 15:49:26.000000000
050 ğŸ›  craft/50.01 âœ design/portfolio/portfolio 25'.md,/home/leo/library/areas/obsidian/050 ğŸ›  craft/50.01 âœ design/portfolio/portfolio 25'.md,True,1,2.0,0.0,0.0,2025-03-28 22:13:04.000000000
098 ğŸŒ¾ compost/ğŸŒ¾ dump/dump_obsidian-automated-local-backups.md,/home/leo/library/areas/obsidian/098 ğŸŒ¾ compost/ğŸŒ¾ dump/dump_obsidian-automated-local-backups.md,True,0,3.0,2.0,0.0,2025-04-26 19:45:46.000000000
098 ğŸŒ¾ compost/ğŸŒ¾ dump/dump_homelab-purpose.md,/home/leo/library/areas/obsidian/098 ğŸŒ¾ compost/ğŸŒ¾ dump/dump_homelab-purpose.md,True,1,2.0,2.0,0.0,2025-04-27 14:03:10.000000000
020 â­ concepts/20.00 â­ concept cauldron/taoism.md,/home/leo/library/areas/obsidian/020 â­ concepts/20.00 â­ concept cauldron/taoism.md,True,2,2.0,0.0,0.0,2025-03-28 22:08:46.000000000
home..md,/home/leo/library/areas/obsidian/home..md,True,0,0.0,0.0,0.0,2025-05-03 17:38:14.064323902
020 â­ concepts/20.00 â­ concept cauldron/zettelkasten.md,/home/leo/library/areas/obsidian/020 â­ concepts/20.00 â­ concept cauldron/zettelkasten.md,True,0,0.0,0.0,0.0,2024-09-26 21:16:10.000000000
050 ğŸ›  craft/50.02 ğŸ’œ dev/languages/C++.md,/home/leo/library/areas/obsidian/050 ğŸ›  craft/50.02 ğŸ’œ dev/languages/C++.md,True,1,0.0,0.0,0.0,2024-08-28 15:20:22.000000000
050 ğŸ›  craft/50.06 ğŸ’» tech/concepts/NAS server.md,/home/leo/library/areas/obsidian/050 ğŸ›  craft/50.06 ğŸ’» tech/concepts/NAS server.md,True,4,0.0,0.0,0.0,2025-04-27 13:48:42.000000000
050 ğŸ›  craft/50.01 âœ design/portfolio/portfolio experience concepts.md,/home/leo/library/areas/obsidian/050 ğŸ›  craft/50.01 âœ design/portfolio/portfolio experience concepts.md,True,0,0.0,0.0,0.0,2025-03-29 21:10:40.000000000
040 ğŸ“š library/40.04 ğŸ“š music/album recommendations.md,/home/leo/library/areas/obsidian/040 ğŸ“š library/40.04 ğŸ“š music/album recommendations.md,True,0,0.0,0.0,0.0,2025-03-01 22:30:28.000000000
070 ğŸŒ± personal/70.04 ğŸŒ± reflections/2025-04-21_obsessive-rest.md,/home/leo/library/areas/obsidian/070 ğŸŒ± personal/70.04 ğŸŒ± reflections/2025-04-21_obsessive-rest.md,True,1,2.0,1.0,0.0,2025-04-21 20:37:34.000000000
020 â­ concepts/20.00 â­ concept cauldron/wu wei.md,/home/leo/library/areas/obsidian/020 â­ concepts/20.00 â­ concept cauldron/wu wei.md,True,2,1.0,0.0,0.0,2025-03-28 22:09:04.000000000
050 ğŸ›  craft/50.01 âœ design/concepts/filosofÃ­a de diseÃ±o.md,/home/leo/library/areas/obsidian/050 ğŸ›  craft/50.01 âœ design/concepts/filosofÃ­a de diseÃ±o.md,True,3,0.0,0.0,0.0,2025-04-26 17:35:34.000000000
050 ğŸ›  craft/50.02 ğŸ’œ dev/concepts/procedural_generation.md,/home/leo/library/areas/obsidian/050 ğŸ›  craft/50.02 ğŸ’œ dev/concepts/procedural_generation.md,True,1,2.0,0.0,0.0,2024-08-26 11:09:58.000000000
030 ğŸš€ projects/30.00 ğŸ¸ inhaven/inspiration.md,/home/leo/library/areas/obsidian/030 ğŸš€ projects/30.00 ğŸ¸ inhaven/inspiration.md,True,0,0.0,0.0,0.0,2024-11-15 20:57:08.000000000
020 â­ concepts/20.00 â­ concept cauldron/pattern interrupt.md,/home/leo/library/areas/obsidian/020 â­ concepts/20.00 â­ concept cauldron/pattern interrupt.md,True,1,1.0,0.0,0.0,2025-03-28 22:00:40.000000000
020 â­ concepts/20.00 â­ concept cauldron/night gardening.md,/home/leo/library/areas/obsidian/020 â­ concepts/20.00 â­ concept cauldron/night gardening.md,True,0,0.0,0.0,0.0,2025-04-23 17:50:00.000000000
070 ğŸŒ± personal/70.01 ğŸŒ± notes/future to-do list.md,/home/leo/library/areas/obsidian/070 ğŸŒ± personal/70.01 ğŸŒ± notes/future to-do list.md,True,0,0.0,0.0,0.0,2025-04-27 15:40:14.000000000
070 ğŸŒ± personal/70.03 ğŸŒ± bedroom redecoration/bedroom redecoration - tasks + ideas.md,/home/leo/library/areas/obsidian/070 ğŸŒ± personal/70.03 ğŸŒ± bedroom redecoration/bedroom redecoration - tasks + ideas.md,True,1,0.0,0.0,1.0,2025-03-30 19:49:22.000000000
040 ğŸ“š library/40.01 ğŸ“š books/books index.md,/home/leo/library/areas/obsidian/040 ğŸ“š library/40.01 ğŸ“š books/books index.md,True,0,0.0,0.0,0.0,2025-04-18 11:27:50.000000000
050 ğŸ›  craft/50.01 âœ design/concepts/design system.md,/home/leo/library/areas/obsidian/050 ğŸ›  craft/50.01 âœ design/concepts/design system.md,True,3,3.0,0.0,0.0,2025-04-26 17:35:16.000000000
030 ğŸš€ projects/30.00 ğŸ¸ inhaven/guitars/multi-scale.md,/home/leo/library/areas/obsidian/030 ğŸš€ projects/30.00 ğŸ¸ inhaven/guitars/multi-scale.md,True,1,0.0,0.0,0.0,2024-11-16 12:17:34.000000000
020 â­ concepts/20.00 â­ concept cauldron/shiny-object syndrome.md,/home/leo/library/areas/obsidian/020 â­ concepts/20.00 â­ concept cauldron/shiny-object syndrome.md,True,1,0.0,0.0,0.0,2025-04-23 19:09:36.000000000
030 ğŸš€ projects/30.00 ğŸ¸ inhaven/guitars/pickups decentes.md,/home/leo/library/areas/obsidian/030 ğŸš€ projects/30.00 ğŸ¸ inhaven/guitars/pickups decentes.md,True,1,0.0,0.0,0.0,2024-11-16 11:59:40.000000000
050 ğŸ›  craft/50.02 ğŸ’œ dev/projects/Rize.io open source clon.md,/home/leo/library/areas/obsidian/050 ğŸ›  craft/50.02 ğŸ’œ dev/projects/Rize.io open source clon.md,True,1,1.0,0.0,0.0,2024-08-31 11:22:56.000000000
050 ğŸ›  craft/50.02 ğŸ’œ dev/front-end/three.js.md,/home/leo/library/areas/obsidian/050 ğŸ›  craft/50.02 ğŸ’œ dev/front-end/three.js.md,True,1,0.0,0.0,0.0,2025-05-02 20:17:16.851711988
070 ğŸŒ± personal/70.02 ğŸŒ± concepts/the sovereign creator path.md,/home/leo/library/areas/obsidian/070 ğŸŒ± personal/70.02 ğŸŒ± concepts/the sovereign creator path.md,True,1,1.0,0.0,0.0,2025-03-27 17:56:22.000000000
020 â­ concepts/20.00 â­ concept cauldron/second brain.md,/home/leo/library/areas/obsidian/020 â­ concepts/20.00 â­ concept cauldron/second brain.md,True,0,0.0,0.0,0.0,2025-04-23 19:11:36.000000000
020 â­ concepts/20.00 â­ concept cauldron/zeigarnik effect.md,/home/leo/library/areas/obsidian/020 â­ concepts/20.00 â­ concept cauldron/zeigarnik effect.md,True,0,0.0,0.0,0.0,2024-10-14 20:17:18.000000000
000 ğŸ•³ origin/000 â™¥ origin.md,/home/leo/library/areas/obsidian/000 ğŸ•³ origin/000 â™¥ origin.md,True,0,1.0,0.0,0.0,2024-08-24 12:20:28.000000000
020 â­ concepts/20.00 â­ concept cauldron/the daemon cycle.md,/home/leo/library/areas/obsidian/020 â­ concepts/20.00 â­ concept cauldron/the daemon cycle.md,True,1,1.0,0.0,0.0,2025-03-27 17:56:38.000000000
